url,type
"https://hyean.org","static"
"https://hyean.org/about","static"
"https://hyean.org/services","static"
"https://hyean.org/projects","static"
"https://hyean.org/spaces","static"
"https://hyean.org/insights","static"
"https://hyean.org/contact","static"
"https://hyean.org/capabilities/learning-execution","static"
"https://hyean.org/capabilities/collaboration-execution","static"
"https://hyean.org/capabilities/performance-management","static"
"https://hyean.org/projects/123-sabi-craft-festa-2024-2025","project"
"https://hyean.org/projects/beyond-village-youth-town-buyeo","project"
"https://hyean.org/projects/buyeo-garden-book-pop-up-garden","project"
"https://hyean.org/projects/buyeo-youth-tourism-pilot-camp","project"
"https://hyean.org/projects/care-worker-awareness-campaign","project"
"https://hyean.org/projects/chungnam-social-economy-campaign","project"
"https://hyean.org/projects/chungnam-youth-intern-chungjeon-campaign","project"
"https://hyean.org/projects/employment-stability-preemptive-package-campaign","project"
"https://hyean.org/projects/gongju-buyeo-cheongyang-youth-exchange-project","project"
"https://hyean.org/projects/hansan-mosi-festival-master-planning","project"
"https://hyean.org/projects/kntc-heritage-plogging-campaign","project"
"https://hyean.org/projects/local-branding-school","project"
"https://hyean.org/projects/local-dive-daegu","project"
"https://hyean.org/projects/local-impact-school-multi-city","project"
"https://hyean.org/projects/seobu-naeryuk-seongjihyeyumgil","project"
"https://hyean.org/insights/catalytic-localism-power-of-small-actions","insight"
"https://hyean.org/insights/regional-activation-trends-2025","insight"
"https://hyean.org/insights/secret-of-sustainable-partnership","insight"
"https://hyean.org/insights/social-venture-business-model","insight"
